Id,Label,Category
0,0,5
1,1,5
2,2,5
3,3,5
4,4,5
5,5,5
6,6,5
7,7,5
8,8,5
9,9,5
10,10,5
11,11,5
12,12,5
13,13,5
14,14,5
15,15,5
16,16,5
17,17,5
18,18,5
19,19,5
20,20,5
21,21,5
22,22,5
23,23,5
24,24,5
25,25,5
26,26,5
27,27,5
28,28,5
29,29,5
30,30,5
31,31,5
32,32,5
33,33,5
34,34,1
35,35,5
36,36,5
37,37,5
38,38,5
39,39,5
40,40,5
41,41,5
42,42,5
43,43,5
44,44,5
45,45,5
46,46,5
47,47,5
48,48,5
49,49,5
50,50,5
51,51,5
52,52,5
53,53,5
54,54,5
55,55,5
56,56,5
57,57,5
58,58,7
59,59,5
60,60,5
61,61,5
62,62,5
63,63,5
64,64,5
65,65,5
66,66,5
67,67,5
68,68,5
69,69,5
70,70,5
71,71,5
72,72,5
73,73,5
74,74,5
75,75,5
76,76,5
77,77,5
78,78,5
79,79,5
80,80,5
81,81,5
82,82,5
83,83,5
84,84,5
85,85,5
86,86,5
87,87,5
88,88,5
89,89,5
90,90,5
91,91,5
92,92,5
93,93,5
94,94,5
95,95,5
96,96,5
97,97,5
98,98,5
99,99,5
100,100,5
101,101,5
102,102,5
103,103,5
104,104,5
105,105,5
106,106,5
107,107,1
108,108,5
109,109,5
110,110,5
111,111,5
112,112,5
113,113,5
114,114,5
115,115,5
116,116,5
117,117,5
118,118,5
119,119,5
120,120,5
121,121,5
122,122,5
123,123,5
124,124,5
125,125,5
126,126,5
127,127,5
128,128,5
129,129,5
130,130,5
131,131,5
132,132,5
133,133,5
134,134,5
135,135,5
136,136,2
137,137,5
138,138,5
139,139,5
140,140,5
141,141,5
142,142,5
143,143,5
144,144,5
145,145,5
146,146,5
147,147,5
148,148,5
149,149,5
150,150,5
151,151,5
152,152,5
153,153,5
154,154,5
155,155,5
156,156,5
157,157,5
158,158,5
159,159,5
160,160,5
161,161,5
162,162,5
163,163,5
164,164,5
165,165,5
166,166,1
167,167,5
168,168,5
169,169,5
170,170,5
171,171,7
172,172,5
173,173,1
174,174,5
175,175,5
176,176,5
177,177,5
178,178,5
179,179,5
180,180,5
181,181,5
182,182,5
183,183,5
184,184,5
185,185,5
186,186,5
187,187,5
188,188,5
189,189,5
190,190,5
191,191,5
192,192,5
193,193,5
194,194,5
195,195,5
196,196,5
197,197,5
198,198,1
199,199,5
200,200,5
201,201,5
202,202,1
203,203,5
204,204,5
205,205,5
206,206,5
207,207,5
208,208,5
209,209,5
210,210,5
211,211,5
212,212,5
213,213,5
214,214,5
215,215,5
216,216,5
217,217,5
218,218,5
219,219,5
220,220,5
221,221,5
222,222,5
223,223,5
224,224,5
225,225,5
226,226,5
227,227,5
228,228,5
229,229,5
230,230,5
231,231,5
232,232,5
233,233,5
234,234,5
235,235,5
236,236,5
237,237,5
238,238,5
239,239,5
240,240,5
241,241,5
242,242,5
243,243,5
244,244,5
245,245,5
246,246,5
247,247,5
248,248,5
249,249,5
250,250,5
251,251,5
252,252,5
253,253,5
254,254,5
255,255,5
256,256,5
257,257,5
258,258,5
259,259,5
260,260,5
261,261,5
262,262,5
263,263,5
264,264,5
265,265,5
266,266,5
267,267,5
268,268,5
269,269,5
270,270,5
271,271,5
272,272,5
273,273,5
274,274,5
275,275,5
276,276,5
277,277,5
278,278,5
279,279,5
280,280,5
281,281,5
282,282,5
283,283,5
284,284,5
285,285,5
286,286,5
287,287,5
288,288,5
289,289,5
290,290,5
291,291,5
292,292,5
293,293,5
294,294,5
295,295,5
296,296,5
297,297,5
298,298,5
299,299,5
300,300,5
301,301,5
302,302,5
303,303,5
304,304,5
305,305,5
306,306,5
307,307,5
308,308,5
309,309,5
310,310,5
311,311,5
312,312,5
313,313,5
314,314,5
315,315,5
316,316,5
317,317,5
318,318,5
319,319,5
320,320,5
321,321,5
322,322,5
323,323,5
324,324,5
325,325,5
326,326,5
327,327,5
328,328,5
329,329,5
330,330,5
331,331,5
332,332,5
333,333,5
334,334,5
335,335,5
336,336,5
337,337,5
338,338,5
339,339,5
340,340,5
341,341,5
342,342,5
343,343,5
344,344,5
345,345,5
346,346,5
347,347,5
348,348,1
349,349,1
350,350,1
351,351,1
352,352,1
353,353,1
354,354,1
355,355,1
356,356,1
357,357,1
358,358,1
359,359,1
360,360,1
361,361,1
362,362,1
363,363,1
364,364,1
365,365,1
366,366,1
367,367,1
368,368,1
369,369,1
370,370,1
371,371,1
372,372,1
373,373,1
374,374,1
375,375,1
376,376,1
377,377,1
378,378,1
379,379,1
380,380,1
381,381,1
382,382,1
383,383,1
384,384,1
385,385,1
386,386,1
387,387,1
388,388,1
389,389,1
390,390,1
391,391,1
392,392,1
393,393,1
394,394,1
395,395,1
396,396,1
397,397,1
398,398,1
399,399,1
400,400,1
401,401,1
402,402,1
403,403,1
404,404,1
405,405,1
406,406,1
407,407,1
408,408,1
409,409,1
410,410,1
411,411,1
412,412,1
413,413,1
414,414,1
415,415,1
416,416,1
417,417,1
418,418,1
419,419,1
420,420,1
421,421,1
422,422,1
423,423,1
424,424,1
425,425,1
426,426,1
427,427,1
428,428,1
429,429,1
430,430,1
431,431,1
432,432,1
433,433,1
434,434,1
435,435,1
436,436,1
437,437,1
438,438,1
439,439,1
440,440,1
441,441,1
442,442,1
443,443,1
444,444,1
445,445,1
446,446,1
447,447,1
448,448,1
449,449,1
450,450,1
451,451,1
452,452,1
453,453,1
454,454,1
455,455,1
456,456,1
457,457,1
458,458,1
459,459,1
460,460,1
461,461,1
462,462,1
463,463,1
464,464,1
465,465,1
466,466,1
467,467,1
468,468,1
469,469,1
470,470,1
471,471,1
472,472,1
473,473,1
474,474,1
475,475,1
476,476,1
477,477,1
478,478,1
479,479,1
480,480,1
481,481,1
482,482,1
483,483,1
484,484,1
485,485,1
486,486,1
487,487,1
488,488,1
489,489,1
490,490,1
491,491,1
492,492,1
493,493,1
494,494,1
495,495,1
496,496,1
497,497,1
498,498,1
499,499,1
500,500,1
501,501,1
502,502,1
503,503,1
504,504,1
505,505,1
506,506,1
507,507,1
508,508,1
509,509,1
510,510,1
511,511,1
512,512,1
513,513,1
514,514,1
515,515,1
516,516,1
517,517,1
518,518,1
519,519,1
520,520,1
521,521,1
522,522,1
523,523,1
524,524,1
525,525,1
526,526,1
527,527,1
528,528,1
529,529,1
530,530,1
531,531,1
532,532,1
533,533,1
534,534,1
535,535,1
536,536,1
537,537,1
538,538,1
539,539,1
540,540,1
541,541,1
542,542,1
543,543,1
544,544,1
545,545,1
546,546,1
547,547,1
548,548,1
549,549,1
550,550,1
551,551,1
552,552,1
553,553,1
554,554,1
555,555,1
556,556,1
557,557,1
558,558,1
559,559,1
560,560,1
561,561,1
562,562,1
563,563,1
564,564,1
565,565,1
566,566,1
567,567,1
568,568,1
569,569,1
570,570,1
571,571,1
572,572,1
573,573,1
574,574,1
575,575,1
576,576,1
577,577,1
578,578,1
579,579,1
580,580,1
581,581,1
582,582,1
583,583,1
584,584,1
585,585,1
586,586,1
587,587,1
588,588,1
589,589,1
590,590,1
591,591,1
592,592,1
593,593,1
594,594,1
595,595,1
596,596,1
597,597,1
598,598,1
599,599,1
600,600,1
601,601,1
602,602,1
603,603,1
604,604,1
605,605,1
606,606,1
607,607,1
608,608,1
609,609,1
610,610,1
611,611,1
612,612,1
613,613,1
614,614,1
615,615,1
616,616,1
617,617,1
618,618,1
619,619,1
620,620,1
621,621,1
622,622,1
623,623,1
624,624,1
625,625,1
626,626,1
627,627,1
628,628,1
629,629,1
630,630,1
631,631,1
632,632,1
633,633,1
634,634,1
635,635,1
636,636,1
637,637,1
638,638,1
639,639,1
640,640,1
641,641,1
642,642,1
643,643,1
644,644,1
645,645,1
646,646,1
647,647,1
648,648,1
649,649,1
650,650,1
651,651,1
652,652,1
653,653,1
654,654,1
655,655,1
656,656,1
657,657,1
658,658,1
659,659,1
660,660,1
661,661,1
662,662,1
663,663,1
664,664,1
665,665,1
666,666,1
667,667,1
668,668,1
669,669,1
670,670,1
671,671,1
672,672,1
673,673,1
674,674,1
675,675,1
676,676,1
677,677,1
678,678,1
679,679,1
680,680,1
681,681,1
682,682,1
683,683,1
684,684,1
685,685,1
686,686,6
687,687,6
688,688,6
689,689,6
690,690,6
691,691,6
692,692,6
693,693,6
694,694,6
695,695,6
696,696,6
697,697,6
698,698,6
699,699,6
700,700,6
701,701,6
702,702,6
703,703,6
704,704,6
705,705,6
706,706,6
707,707,6
708,708,6
709,709,6
710,710,6
711,711,6
712,712,6
713,713,6
714,714,6
715,715,6
716,716,6
717,717,6
718,718,6
719,719,6
720,720,6
721,721,6
722,722,6
723,723,6
724,724,6
725,725,6
726,726,6
727,727,6
728,728,6
729,729,6
730,730,6
731,731,6
732,732,6
733,733,6
734,734,6
735,735,6
736,736,6
737,737,6
738,738,6
739,739,6
740,740,6
741,741,6
742,742,6
743,743,6
744,744,6
745,745,6
746,746,6
747,747,6
748,748,6
749,749,6
750,750,6
751,751,6
752,752,6
753,753,6
754,754,6
755,755,6
756,756,6
757,757,6
758,758,6
759,759,6
760,760,6
761,761,6
762,762,6
763,763,6
764,764,6
765,765,6
766,766,6
767,767,6
768,768,6
769,769,6
770,770,6
771,771,6
772,772,6
773,773,6
774,774,6
775,775,6
776,776,6
777,777,6
778,778,6
779,779,6
780,780,6
781,781,6
782,782,6
783,783,6
784,784,6
785,785,6
786,786,6
787,787,6
788,788,6
789,789,6
790,790,6
791,791,6
792,792,6
793,793,6
794,794,6
795,795,6
796,796,6
797,797,6
798,798,6
799,799,6
800,800,6
801,801,6
802,802,6
803,803,6
804,804,6
805,805,6
806,806,6
807,807,6
808,808,6
809,809,6
810,810,6
811,811,6
812,812,6
813,813,6
814,814,6
815,815,6
816,816,6
817,817,6
818,818,6
819,819,6
820,820,6
821,821,6
822,822,6
823,823,6
824,824,6
825,825,6
826,826,6
827,827,6
828,828,6
829,829,6
830,830,6
831,831,6
832,832,6
833,833,6
834,834,6
835,835,6
836,836,6
837,837,6
838,838,6
839,839,6
840,840,6
841,841,6
842,842,6
843,843,6
844,844,6
845,845,6
846,846,6
847,847,6
848,848,6
849,849,6
850,850,6
851,851,6
852,852,6
853,853,6
854,854,6
855,855,6
856,856,6
857,857,4
858,858,6
859,859,6
860,860,6
861,861,6
862,862,4
863,863,6
864,864,6
865,865,4
866,866,6
867,867,6
868,868,4
869,869,6
870,870,6
871,871,6
872,872,6
873,873,6
874,874,6
875,875,6
876,876,6
877,877,6
878,878,6
879,879,6
880,880,6
881,881,6
882,882,6
883,883,6
884,884,6
885,885,6
886,886,6
887,887,6
888,888,6
889,889,6
890,890,6
891,891,6
892,892,6
893,893,6
894,894,6
895,895,6
896,896,1
897,897,1
898,898,1
899,899,1
900,900,1
901,901,1
902,902,1
903,903,1
904,904,7
905,905,1
906,906,1
907,907,1
908,908,1
909,909,1
910,910,1
911,911,1
912,912,1
913,913,1
914,914,1
915,915,1
916,916,1
917,917,1
918,918,1
919,919,1
920,920,1
921,921,1
922,922,1
923,923,1
924,924,1
925,925,1
926,926,1
927,927,1
928,928,1
929,929,1
930,930,1
931,931,1
932,932,1
933,933,1
934,934,1
935,935,1
936,936,1
937,937,1
938,938,1
939,939,1
940,940,1
941,941,1
942,942,1
943,943,1
944,944,1
945,945,1
946,946,1
947,947,1
948,948,1
949,949,1
950,950,1
951,951,1
952,952,1
953,953,1
954,954,1
955,955,1
956,956,1
957,957,1
958,958,1
959,959,1
960,960,1
961,961,1
962,962,1
963,963,1
964,964,1
965,965,1
966,966,1
967,967,1
968,968,1
969,969,1
970,970,1
971,971,1
972,972,1
973,973,1
974,974,1
975,975,1
976,976,1
977,977,1
978,978,1
979,979,1
980,980,1
981,981,1
982,982,1
983,983,1
984,984,1
985,985,1
986,986,1
987,987,1
988,988,1
989,989,1
990,990,3
991,991,1
992,992,1
993,993,1
994,994,1
995,995,1
996,996,1
997,997,1
998,998,1
999,999,1
1000,1000,1
1001,1001,1
1002,1002,1
1003,1003,1
1004,1004,1
1005,1005,1
1006,1006,1
1007,1007,1
1008,1008,1
1009,1009,1
1010,1010,1
1011,1011,1
1012,1012,1
1013,1013,1
1014,1014,1
1015,1015,1
1016,1016,1
1017,1017,1
1018,1018,1
1019,1019,1
1020,1020,1
1021,1021,1
1022,1022,1
1023,1023,1
1024,1024,1
1025,1025,1
1026,1026,1
1027,1027,1
1028,1028,1
1029,1029,1
1030,1030,1
1031,1031,3
1032,1032,1
1033,1033,1
1034,1034,1
1035,1035,1
1036,1036,1
1037,1037,1
1038,1038,1
1039,1039,1
1040,1040,1
1041,1041,1
1042,1042,1
1043,1043,1
1044,1044,1
1045,1045,1
1046,1046,1
1047,1047,1
1048,1048,1
1049,1049,1
1050,1050,1
1051,1051,1
1052,1052,1
1053,1053,1
1054,1054,1
1055,1055,1
1056,1056,1
1057,1057,1
1058,1058,1
1059,1059,1
1060,1060,1
1061,1061,1
1062,1062,1
1063,1063,1
1064,1064,1
1065,1065,1
1066,1066,1
1067,1067,1
1068,1068,1
1069,1069,1
1070,1070,1
1071,1071,1
1072,1072,1
1073,1073,1
1074,1074,1
1075,1075,1
1076,1076,1
1077,1077,1
1078,1078,1
1079,1079,1
1080,1080,1
1081,1081,1
1082,1082,1
1083,1083,1
1084,1084,1
1085,1085,1
1086,1086,1
1087,1087,1
1088,1088,1
1089,1089,1
1090,1090,1
1091,1091,1
1092,1092,1
1093,1093,1
1094,1094,1
1095,1095,1
1096,1096,1
1097,1097,1
1098,1098,1
1099,1099,1
1100,1100,1
1101,1101,1
1102,1102,1
1103,1103,1
1104,1104,1
1105,1105,1
1106,1106,1
1107,1107,1
1108,1108,1
1109,1109,1
1110,1110,1
1111,1111,1
1112,1112,1
1113,1113,1
1114,1114,1
1115,1115,1
1116,1116,1
1117,1117,1
1118,1118,1
1119,1119,1
1120,1120,1
1121,1121,1
1122,1122,1
1123,1123,1
1124,1124,1
1125,1125,1
1126,1126,1
1127,1127,1
1128,1128,1
1129,1129,1
1130,1130,1
1131,1131,1
1132,1132,1
1133,1133,1
1134,1134,1
1135,1135,1
1136,1136,1
1137,1137,1
1138,1138,1
1139,1139,1
1140,1140,3
1141,1141,1
1142,1142,1
1143,1143,1
1144,1144,1
1145,1145,1
1146,1146,1
1147,1147,1
1148,1148,1
1149,1149,1
1150,1150,1
1151,1151,1
1152,1152,1
1153,1153,1
1154,1154,1
1155,1155,1
1156,1156,1
1157,1157,1
1158,1158,1
1159,1159,1
1160,1160,1
1161,1161,1
1162,1162,1
1163,1163,1
1164,1164,1
1165,1165,1
1166,1166,1
1167,1167,1
1168,1168,1
1169,1169,1
1170,1170,1
1171,1171,7
1172,1172,1
1173,1173,1
1174,1174,1
1175,1175,1
1176,1176,1
1177,1177,1
1178,1178,1
1179,1179,1
1180,1180,1
1181,1181,1
1182,1182,1
1183,1183,1
1184,1184,1
1185,1185,1
1186,1186,1
1187,1187,1
1188,1188,1
1189,1189,1
1190,1190,1
1191,1191,1
1192,1192,1
1193,1193,1
1194,1194,1
1195,1195,1
1196,1196,1
1197,1197,1
1198,1198,1
1199,1199,1
1200,1200,1
1201,1201,1
1202,1202,1
1203,1203,1
1204,1204,1
1205,1205,1
1206,1206,1
1207,1207,1
1208,1208,1
1209,1209,1
1210,1210,1
1211,1211,1
1212,1212,1
1213,1213,1
1214,1214,1
1215,1215,1
1216,1216,1
1217,1217,1
1218,1218,1
1219,1219,1
1220,1220,1
1221,1221,1
1222,1222,1
1223,1223,1
1224,1224,7
1225,1225,1
1226,1226,1
1227,1227,1
1228,1228,1
1229,1229,1
1230,1230,1
1231,1231,1
1232,1232,1
1233,1233,1
1234,1234,1
1235,1235,1
1236,1236,1
1237,1237,1
1238,1238,1
1239,1239,1
1240,1240,1
1241,1241,1
1242,1242,1
1243,1243,1
1244,1244,1
1245,1245,1
1246,1246,1
1247,1247,1
1248,1248,1
1249,1249,1
1250,1250,1
1251,1251,1
1252,1252,1
1253,1253,1
1254,1254,1
1255,1255,1
1256,1256,1
1257,1257,1
1258,1258,1
1259,1259,1
1260,1260,1
1261,1261,1
1262,1262,1
1263,1263,1
1264,1264,1
1265,1265,1
1266,1266,1
1267,1267,1
1268,1268,1
1269,1269,1
1270,1270,1
1271,1271,1
1272,1272,1
1273,1273,1
1274,1274,1
1275,1275,1
1276,1276,1
1277,1277,1
1278,1278,1
1279,1279,1
1280,1280,1
1281,1281,1
1282,1282,1
1283,1283,1
1284,1284,1
1285,1285,1
1286,1286,1
1287,1287,1
1288,1288,1
1289,1289,1
1290,1290,1
1291,1291,1
1292,1292,1
1293,1293,1
1294,1294,1
1295,1295,1
1296,1296,1
1297,1297,7
1298,1298,1
1299,1299,1
1300,1300,1
1301,1301,1
1302,1302,1
1303,1303,1
1304,1304,1
1305,1305,1
1306,1306,1
1307,1307,1
1308,1308,1
1309,1309,1
1310,1310,1
1311,1311,1
1312,1312,1
1313,1313,1
1314,1314,1
1315,1315,1
1316,1316,1
1317,1317,1
1318,1318,1
1319,1319,1
1320,1320,1
1321,1321,1
1322,1322,1
1323,1323,1
1324,1324,1
1325,1325,1
1326,1326,1
1327,1327,1
1328,1328,1
1329,1329,1
1330,1330,1
1331,1331,1
1332,1332,1
1333,1333,1
1334,1334,1
1335,1335,1
1336,1336,1
1337,1337,1
1338,1338,1
1339,1339,1
1340,1340,1
1341,1341,1
1342,1342,1
1343,1343,1
1344,1344,1
1345,1345,1
1346,1346,1
1347,1347,1
1348,1348,1
1349,1349,1
1350,1350,1
1351,1351,1
1352,1352,1
1353,1353,1
1354,1354,1
1355,1355,1
1356,1356,1
1357,1357,1
1358,1358,1
1359,1359,1
1360,1360,1
1361,1361,1
1362,1362,1
1363,1363,1
1364,1364,1
1365,1365,1
1366,1366,1
1367,1367,1
1368,1368,1
1369,1369,1
1370,1370,1
1371,1371,1
1372,1372,1
1373,1373,1
1374,1374,1
1375,1375,1
1376,1376,1
1377,1377,1
1378,1378,1
1379,1379,1
1380,1380,1
1381,1381,1
1382,1382,1
1383,1383,1
1384,1384,1
1385,1385,1
1386,1386,1
1387,1387,7
1388,1388,1
1389,1389,1
1390,1390,1
1391,1391,1
1392,1392,1
1393,1393,1
1394,1394,1
1395,1395,1
1396,1396,1
1397,1397,1
1398,1398,1
1399,1399,1
1400,1400,1
1401,1401,1
1402,1402,1
1403,1403,1
1404,1404,1
1405,1405,1
1406,1406,1
1407,1407,1
1408,1408,1
1409,1409,1
1410,1410,1
1411,1411,1
1412,1412,1
1413,1413,1
1414,1414,1
1415,1415,1
1416,1416,1
1417,1417,1
1418,1418,1
1419,1419,1
1420,1420,1
1421,1421,1
1422,1422,1
1423,1423,1
1424,1424,1
1425,1425,1
1426,1426,1
1427,1427,1
1428,1428,1
1429,1429,1
1430,1430,1
1431,1431,1
1432,1432,1
1433,1433,1
1434,1434,1
1435,1435,1
1436,1436,1
1437,1437,1
1438,1438,1
1439,1439,1
1440,1440,1
1441,1441,1
1442,1442,1
1443,1443,1
1444,1444,1
1445,1445,1
1446,1446,1
1447,1447,1
1448,1448,1
1449,1449,1
1450,1450,3
1451,1451,1
1452,1452,1
1453,1453,1
1454,1454,1
1455,1455,1
1456,1456,1
1457,1457,1
1458,1458,1
1459,1459,1
1460,1460,1
1461,1461,1
1462,1462,1
1463,1463,1
1464,1464,1
1465,1465,2
1466,1466,1
1467,1467,1
1468,1468,1
1469,1469,1
1470,1470,1
1471,1471,1
1472,1472,1
1473,1473,1
1474,1474,1
1475,1475,1
1476,1476,3
1477,1477,1
1478,1478,1
1479,1479,1
1480,1480,1
1481,1481,1
1482,1482,1
1483,1483,1
1484,1484,1
1485,1485,1
1486,1486,7
1487,1487,1
1488,1488,1
1489,1489,1
1490,1490,1
1491,1491,1
1492,1492,1
1493,1493,1
1494,1494,1
1495,1495,1
1496,1496,1
1497,1497,1
1498,1498,1
1499,1499,1
1500,1500,1
1501,1501,1
1502,1502,1
1503,1503,1
1504,1504,1
1505,1505,1
1506,1506,1
1507,1507,1
1508,1508,1
1509,1509,1
1510,1510,1
1511,1511,1
1512,1512,1
1513,1513,1
1514,1514,1
1515,1515,1
1516,1516,1
1517,1517,1
1518,1518,1
1519,1519,1
1520,1520,1
1521,1521,1
1522,1522,1
1523,1523,1
1524,1524,1
1525,1525,1
1526,1526,1
1527,1527,3
1528,1528,1
1529,1529,1
1530,1530,1
1531,1531,1
1532,1532,1
1533,1533,1
1534,1534,3
1535,1535,1
1536,1536,1
1537,1537,1
1538,1538,1
1539,1539,1
1540,1540,1
1541,1541,1
1542,1542,1
1543,1543,1
1544,1544,1
1545,1545,1
1546,1546,1
1547,1547,1
1548,1548,1
1549,1549,1
1550,1550,1
1551,1551,1
1552,1552,1
1553,1553,1
1554,1554,1
1555,1555,1
1556,1556,1
1557,1557,1
1558,1558,1
1559,1559,1
1560,1560,1
1561,1561,1
1562,1562,1
1563,1563,1
1564,1564,1
1565,1565,1
1566,1566,1
1567,1567,1
1568,1568,1
1569,1569,1
1570,1570,1
1571,1571,1
1572,1572,1
1573,1573,1
1574,1574,1
1575,1575,1
1576,1576,1
1577,1577,2
1578,1578,1
1579,1579,1
1580,1580,1
1581,1581,1
1582,1582,1
1583,1583,1
1584,1584,1
1585,1585,1
1586,1586,1
1587,1587,1
1588,1588,1
1589,1589,1
1590,1590,1
1591,1591,1
1592,1592,1
1593,1593,1
1594,1594,1
1595,1595,1
1596,1596,1
1597,1597,1
1598,1598,1
1599,1599,1
1600,1600,1
1601,1601,1
1602,1602,1
1603,1603,1
1604,1604,1
1605,1605,1
1606,1606,1
1607,1607,1
1608,1608,1
1609,1609,1
1610,1610,1
1611,1611,1
1612,1612,1
1613,1613,1
1614,1614,1
1615,1615,1
1616,1616,1
1617,1617,1
1618,1618,1
1619,1619,1
1620,1620,1
1621,1621,1
1622,1622,1
1623,1623,1
1624,1624,1
1625,1625,1
1626,1626,1
1627,1627,1
1628,1628,1
1629,1629,1
1630,1630,1
1631,1631,1
1632,1632,1
1633,1633,1
1634,1634,1
1635,1635,1
1636,1636,1
1637,1637,1
1638,1638,1
1639,1639,1
1640,1640,1
1641,1641,1
1642,1642,3
1643,1643,1
1644,1644,1
1645,1645,1
1646,1646,1
1647,1647,1
1648,1648,1
1649,1649,1
1650,1650,1
1651,1651,1
1652,1652,1
1653,1653,1
1654,1654,1
1655,1655,1
1656,1656,3
1657,1657,1
1658,1658,1
1659,1659,1
1660,1660,1
1661,1661,1
1662,1662,1
1663,1663,1
1664,1664,1
1665,1665,1
1666,1666,3
1667,1667,1
1668,1668,1
1669,1669,1
1670,1670,3
1671,1671,1
1672,1672,1
1673,1673,1
1674,1674,1
1675,1675,1
1676,1676,1
1677,1677,1
1678,1678,3
1679,1679,1
1680,1680,1
1681,1681,1
1682,1682,1
1683,1683,1
1684,1684,3
1685,1685,1
1686,1686,1
1687,1687,1
1688,1688,1
1689,1689,1
1690,1690,1
1691,1691,1
1692,1692,1
1693,1693,1
1694,1694,1
1695,1695,1
1696,1696,1
1697,1697,1
1698,1698,1
1699,1699,1
1700,1700,1
1701,1701,1
1702,1702,1
1703,1703,1
1704,1704,1
1705,1705,1
1706,1706,1
1707,1707,1
1708,1708,1
1709,1709,1
1710,1710,1
1711,1711,1
1712,1712,1
1713,1713,1
1714,1714,1
1715,1715,1
1716,1716,1
1717,1717,1
1718,1718,2
1719,1719,1
1720,1720,1
1721,1721,1
1722,1722,1
1723,1723,1
1724,1724,1
1725,1725,1
1726,1726,3
1727,1727,1
1728,1728,1
1729,1729,1
1730,1730,1
1731,1731,1
1732,1732,1
1733,1733,1
1734,1734,1
1735,1735,1
1736,1736,1
1737,1737,1
1738,1738,1
1739,1739,1
1740,1740,1
1741,1741,1
1742,1742,1
1743,1743,1
1744,1744,1
1745,1745,1
1746,1746,1
1747,1747,1
1748,1748,1
1749,1749,1
1750,1750,1
1751,1751,1
1752,1752,1
1753,1753,1
1754,1754,1
1755,1755,1
1756,1756,1
1757,1757,1
1758,1758,1
1759,1759,1
1760,1760,1
1761,1761,1
1762,1762,1
1763,1763,1
1764,1764,1
1765,1765,1
1766,1766,1
1767,1767,1
1768,1768,1
1769,1769,1
1770,1770,1
1771,1771,1
1772,1772,1
1773,1773,1
1774,1774,1
1775,1775,1
1776,1776,1
1777,1777,1
1778,1778,1
1779,1779,1
1780,1780,1
1781,1781,1
1782,1782,1
1783,1783,1
1784,1784,1
1785,1785,1
1786,1786,1
1787,1787,1
1788,1788,1
1789,1789,1
1790,1790,1
1791,1791,1
1792,1792,3
1793,1793,1
1794,1794,1
1795,1795,1
1796,1796,1
1797,1797,1
1798,1798,1
1799,1799,1
1800,1800,1
1801,1801,1
1802,1802,1
1803,1803,1
1804,1804,1
1805,1805,1
1806,1806,1
1807,1807,1
1808,1808,1
1809,1809,1
1810,1810,1
1811,1811,1
1812,1812,1
1813,1813,1
1814,1814,1
1815,1815,1
1816,1816,1
1817,1817,1
1818,1818,1
1819,1819,1
1820,1820,1
1821,1821,1
1822,1822,1
1823,1823,1
1824,1824,1
1825,1825,1
1826,1826,1
1827,1827,1
1828,1828,1
1829,1829,1
1830,1830,1
1831,1831,1
1832,1832,1
1833,1833,1
1834,1834,1
1835,1835,1
1836,1836,1
1837,1837,1
1838,1838,1
1839,1839,1
1840,1840,1
1841,1841,1
1842,1842,1
1843,1843,1
1844,1844,1
1845,1845,1
1846,1846,1
1847,1847,1
1848,1848,1
1849,1849,1
1850,1850,1
1851,1851,1
1852,1852,1
1853,1853,1
1854,1854,1
1855,1855,1
1856,1856,1
1857,1857,1
1858,1858,1
1859,1859,1
1860,1860,1
1861,1861,1
1862,1862,1
1863,1863,1
1864,1864,1
1865,1865,1
1866,1866,1
1867,1867,1
1868,1868,1
1869,1869,1
1870,1870,1
1871,1871,1
1872,1872,1
1873,1873,1
1874,1874,1
1875,1875,1
1876,1876,1
1877,1877,1
1878,1878,1
1879,1879,1
1880,1880,1
1881,1881,1
1882,1882,1
1883,1883,1
1884,1884,1
1885,1885,1
1886,1886,1
1887,1887,1
1888,1888,1
1889,1889,1
1890,1890,1
1891,1891,1
1892,1892,1
1893,1893,1
1894,1894,1
1895,1895,1
1896,1896,1
1897,1897,1
1898,1898,1
1899,1899,1
1900,1900,1
1901,1901,1
1902,1902,1
1903,1903,1
1904,1904,1
1905,1905,1
1906,1906,1
1907,1907,1
1908,1908,1
1909,1909,1
1910,1910,1
1911,1911,1
1912,1912,2
1913,1913,2
1914,1914,2
1915,1915,2
1916,1916,2
1917,1917,2
1918,1918,2
1919,1919,2
1920,1920,2
1921,1921,2
1922,1922,2
1923,1923,2
1924,1924,2
1925,1925,2
1926,1926,2
1927,1927,2
1928,1928,2
1929,1929,2
1930,1930,2
1931,1931,2
1932,1932,2
1933,1933,2
1934,1934,2
1935,1935,2
1936,1936,2
1937,1937,2
1938,1938,2
1939,1939,2
1940,1940,2
1941,1941,2
1942,1942,2
1943,1943,2
1944,1944,2
1945,1945,2
1946,1946,2
1947,1947,2
1948,1948,2
1949,1949,2
1950,1950,2
1951,1951,2
1952,1952,2
1953,1953,2
1954,1954,2
1955,1955,2
1956,1956,2
1957,1957,2
1958,1958,2
1959,1959,2
1960,1960,2
1961,1961,2
1962,1962,2
1963,1963,2
1964,1964,2
1965,1965,2
1966,1966,2
1967,1967,2
1968,1968,2
1969,1969,2
1970,1970,2
1971,1971,2
1972,1972,2
1973,1973,2
1974,1974,2
1975,1975,2
1976,1976,2
1977,1977,2
1978,1978,2
1979,1979,2
1980,1980,2
1981,1981,2
1982,1982,2
1983,1983,2
1984,1984,2
1985,1985,2
1986,1986,2
1987,1987,2
1988,1988,2
1989,1989,2
1990,1990,2
1991,1991,2
1992,1992,2
1993,1993,2
1994,1994,2
1995,1995,2
1996,1996,2
1997,1997,2
1998,1998,2
1999,1999,2
2000,2000,2
2001,2001,2
2002,2002,2
2003,2003,2
2004,2004,2
2005,2005,2
2006,2006,2
2007,2007,2
2008,2008,2
2009,2009,2
2010,2010,2
2011,2011,2
2012,2012,2
2013,2013,2
2014,2014,2
2015,2015,2
2016,2016,2
2017,2017,2
2018,2018,2
2019,2019,2
2020,2020,2
2021,2021,2
2022,2022,2
2023,2023,2
2024,2024,2
2025,2025,2
2026,2026,2
2027,2027,2
2028,2028,2
2029,2029,2
2030,2030,2
2031,2031,2
2032,2032,2
2033,2033,2
2034,2034,2
2035,2035,2
2036,2036,2
2037,2037,2
2038,2038,2
2039,2039,2
2040,2040,2
2041,2041,2
2042,2042,2
2043,2043,2
2044,2044,2
2045,2045,2
2046,2046,2
2047,2047,2
2048,2048,2
2049,2049,2
2050,2050,2
2051,2051,2
2052,2052,2
2053,2053,2
2054,2054,2
2055,2055,2
2056,2056,2
2057,2057,2
2058,2058,2
2059,2059,2
2060,2060,2
2061,2061,2
2062,2062,2
2063,2063,2
2064,2064,2
2065,2065,2
2066,2066,2
2067,2067,2
2068,2068,2
2069,2069,2
2070,2070,2
2071,2071,2
2072,2072,2
2073,2073,2
2074,2074,2
2075,2075,2
2076,2076,2
2077,2077,2
2078,2078,2
2079,2079,2
2080,2080,2
2081,2081,2
2082,2082,2
2083,2083,2
2084,2084,2
2085,2085,2
2086,2086,2
2087,2087,2
2088,2088,2
2089,2089,2
2090,2090,2
2091,2091,2
2092,2092,2
2093,2093,2
2094,2094,2
2095,2095,2
2096,2096,2
2097,2097,2
2098,2098,2
2099,2099,2
2100,2100,2
2101,2101,2
2102,2102,2
2103,2103,2
2104,2104,2
2105,2105,2
2106,2106,2
2107,2107,2
2108,2108,2
2109,2109,2
2110,2110,2
2111,2111,2
2112,2112,2
2113,2113,2
2114,2114,2
2115,2115,2
2116,2116,2
2117,2117,2
2118,2118,2
2119,2119,2
2120,2120,2
2121,2121,2
2122,2122,2
2123,2123,2
2124,2124,2
2125,2125,2
2126,2126,2
2127,2127,2
2128,2128,2
2129,2129,2
2130,2130,2
2131,2131,2
2132,2132,2
2133,2133,2
2134,2134,2
2135,2135,2
2136,2136,2
2137,2137,2
2138,2138,2
2139,2139,2
2140,2140,2
2141,2141,2
2142,2142,2
2143,2143,2
2144,2144,2
2145,2145,2
2146,2146,2
2147,2147,2
2148,2148,2
2149,2149,2
2150,2150,2
2151,2151,2
2152,2152,2
2153,2153,2
2154,2154,2
2155,2155,2
2156,2156,2
2157,2157,2
2158,2158,2
2159,2159,2
2160,2160,2
2161,2161,2
2162,2162,2
2163,2163,2
2164,2164,2
2165,2165,2
2166,2166,2
2167,2167,2
2168,2168,2
2169,2169,2
2170,2170,2
2171,2171,2
2172,2172,2
2173,2173,2
2174,2174,2
2175,2175,2
2176,2176,2
2177,2177,2
2178,2178,2
2179,2179,2
2180,2180,2
2181,2181,2
2182,2182,2
2183,2183,2
2184,2184,2
2185,2185,2
2186,2186,2
2187,2187,2
2188,2188,2
2189,2189,2
2190,2190,2
2191,2191,2
2192,2192,2
2193,2193,2
2194,2194,2
2195,2195,2
2196,2196,2
2197,2197,2
2198,2198,2
2199,2199,2
2200,2200,2
2201,2201,2
2202,2202,2
2203,2203,2
2204,2204,2
2205,2205,2
2206,2206,2
2207,2207,2
2208,2208,2
2209,2209,2
2210,2210,2
2211,2211,2
2212,2212,2
2213,2213,2
2214,2214,2
2215,2215,2
2216,2216,2
2217,2217,2
2218,2218,2
2219,2219,2
2220,2220,2
2221,2221,2
2222,2222,2
2223,2223,2
2224,2224,2
2225,2225,2
2226,2226,2
2227,2227,2
2228,2228,2
2229,2229,2
2230,2230,2
2231,2231,2
2232,2232,2
2233,2233,2
2234,2234,2
2235,2235,2
2236,2236,2
2237,2237,2
2238,2238,2
2239,2239,2
2240,2240,2
2241,2241,2
2242,2242,2
2243,2243,2
2244,2244,2
2245,2245,2
2246,2246,2
2247,2247,2
2248,2248,2
2249,2249,2
2250,2250,2
2251,2251,2
2252,2252,2
2253,2253,2
2254,2254,2
2255,2255,2
2256,2256,2
2257,2257,2
2258,2258,2
2259,2259,2
2260,2260,2
2261,2261,2
2262,2262,2
2263,2263,2
2264,2264,2
2265,2265,2
2266,2266,2
2267,2267,2
2268,2268,2
2269,2269,2
2270,2270,2
2271,2271,2
2272,2272,2
2273,2273,2
2274,2274,2
2275,2275,2
2276,2276,2
2277,2277,2
2278,2278,2
2279,2279,2
2280,2280,2
2281,2281,2
2282,2282,2
2283,2283,2
2284,2284,2
2285,2285,2
2286,2286,2
2287,2287,2
2288,2288,2
2289,2289,2
2290,2290,2
2291,2291,2
2292,2292,2
2293,2293,2
2294,2294,2
2295,2295,2
2296,2296,2
2297,2297,2
2298,2298,2
2299,2299,2
2300,2300,2
2301,2301,2
2302,2302,2
2303,2303,2
2304,2304,2
2305,2305,2
2306,2306,2
2307,2307,2
2308,2308,2
2309,2309,2
2310,2310,2
2311,2311,2
2312,2312,2
2313,2313,2
2314,2314,2
2315,2315,2
2316,2316,2
2317,2317,2
2318,2318,2
2319,2319,2
2320,2320,2
2321,2321,2
2322,2322,2
2323,2323,2
2324,2324,2
2325,2325,2
2326,2326,2
2327,2327,2
2328,2328,2
2329,2329,2
2330,2330,2
2331,2331,2
2332,2332,2
2333,2333,2
2334,2334,2
2335,2335,2
2336,2336,2
2337,2337,2
2338,2338,2
2339,2339,2
2340,2340,2
2341,2341,2
2342,2342,2
2343,2343,2
2344,2344,2
2345,2345,2
2346,2346,2
2347,2347,2
2348,2348,2
2349,2349,2
2350,2350,2
2351,2351,2
2352,2352,2
2353,2353,2
2354,2354,2
2355,2355,2
2356,2356,2
2357,2357,2
2358,2358,2
2359,2359,2
2360,2360,2
2361,2361,2
2362,2362,2
2363,2363,2
2364,2364,2
2365,2365,2
2366,2366,2
2367,2367,2
2368,2368,2
2369,2369,2
2370,2370,2
2371,2371,2
2372,2372,2
2373,2373,2
2374,2374,2
2375,2375,2
2376,2376,2
2377,2377,2
2378,2378,2
2379,2379,2
2380,2380,2
2381,2381,2
2382,2382,2
2383,2383,2
2384,2384,2
2385,2385,2
2386,2386,2
2387,2387,2
2388,2388,2
2389,2389,2
2390,2390,2
2391,2391,2
2392,2392,2
2393,2393,2
2394,2394,2
2395,2395,2
2396,2396,2
2397,2397,2
2398,2398,2
2399,2399,2
2400,2400,2
2401,2401,2
2402,2402,2
2403,2403,2
2404,2404,2
2405,2405,2
2406,2406,2
2407,2407,2
2408,2408,2
2409,2409,2
2410,2410,2
2411,2411,2
2412,2412,2
2413,2413,2
2414,2414,2
2415,2415,2
2416,2416,2
2417,2417,2
2418,2418,2
2419,2419,2
2420,2420,2
2421,2421,2
2422,2422,2
2423,2423,2
2424,2424,2
2425,2425,2
2426,2426,2
2427,2427,2
2428,2428,2
2429,2429,2
2430,2430,2
2431,2431,2
2432,2432,2
2433,2433,2
2434,2434,2
2435,2435,2
2436,2436,2
2437,2437,2
2438,2438,2
2439,2439,2
2440,2440,2
2441,2441,2
2442,2442,2
2443,2443,2
2444,2444,2
2445,2445,2
2446,2446,2
2447,2447,2
2448,2448,2
2449,2449,2
2450,2450,2
2451,2451,2
2452,2452,2
2453,2453,2
2454,2454,2
2455,2455,2
2456,2456,2
2457,2457,2
2458,2458,2
2459,2459,2
2460,2460,2
2461,2461,2
2462,2462,2
2463,2463,2
2464,2464,2
2465,2465,2
2466,2466,2
2467,2467,2
2468,2468,2
2469,2469,2
2470,2470,2
2471,2471,2
2472,2472,2
2473,2473,2
2474,2474,2
2475,2475,2
2476,2476,2
2477,2477,2
2478,2478,2
2479,2479,2
2480,2480,2
2481,2481,2
2482,2482,2
2483,2483,2
2484,2484,2
2485,2485,2
2486,2486,2
2487,2487,2
2488,2488,2
2489,2489,2
2490,2490,2
2491,2491,2
2492,2492,2
2493,2493,2
2494,2494,2
2495,2495,2
2496,2496,2
2497,2497,2
2498,2498,2
2499,2499,2
2500,2500,2
2501,2501,2
2502,2502,2
2503,2503,2
2504,2504,2
2505,2505,2
2506,2506,2
2507,2507,2
2508,2508,2
2509,2509,2
2510,2510,2
2511,2511,2
2512,2512,2
2513,2513,2
2514,2514,2
2515,2515,2
2516,2516,2
2517,2517,2
2518,2518,2
2519,2519,2
2520,2520,2
2521,2521,2
2522,2522,2
2523,2523,2
2524,2524,2
2525,2525,2
2526,2526,2
2527,2527,2
2528,2528,2
2529,2529,2
2530,2530,2
2531,2531,2
2532,2532,2
2533,2533,2
2534,2534,2
2535,2535,2
2536,2536,2
2537,2537,2
2538,2538,2
2539,2539,2
2540,2540,2
2541,2541,2
2542,2542,2
2543,2543,2
2544,2544,2
2545,2545,2
2546,2546,2
2547,2547,2
2548,2548,2
2549,2549,2
2550,2550,2
2551,2551,2
2552,2552,2
2553,2553,2
2554,2554,2
2555,2555,2
2556,2556,2
2557,2557,2
2558,2558,2
2559,2559,2
2560,2560,2
2561,2561,2
2562,2562,2
2563,2563,2
2564,2564,2
2565,2565,2
2566,2566,2
2567,2567,2
2568,2568,2
2569,2569,2
2570,2570,2
2571,2571,2
2572,2572,2
2573,2573,2
2574,2574,2
2575,2575,2
2576,2576,2
2577,2577,2
2578,2578,2
2579,2579,2
2580,2580,2
2581,2581,2
2582,2582,2
2583,2583,2
2584,2584,2
2585,2585,2
2586,2586,2
2587,2587,2
2588,2588,2
2589,2589,2
2590,2590,2
2591,2591,2
2592,2592,2
2593,2593,2
2594,2594,2
2595,2595,2
2596,2596,2
2597,2597,2
2598,2598,2
2599,2599,2
2600,2600,2
2601,2601,2
2602,2602,2
2603,2603,2
2604,2604,2
2605,2605,2
2606,2606,2
2607,2607,2
2608,2608,2
2609,2609,2
2610,2610,2
2611,2611,2
2612,2612,2
2613,2613,2
2614,2614,2
2615,2615,2
2616,2616,2
2617,2617,2
2618,2618,2
2619,2619,2
2620,2620,2
2621,2621,2
2622,2622,2
2623,2623,2
2624,2624,2
2625,2625,2
2626,2626,2
2627,2627,2
2628,2628,2
2629,2629,2
2630,2630,2
2631,2631,2
2632,2632,2
2633,2633,2
2634,2634,2
2635,2635,2
2636,2636,2
2637,2637,2
2638,2638,2
2639,2639,2
2640,2640,2
2641,2641,2
2642,2642,2
2643,2643,2
2644,2644,2
2645,2645,2
2646,2646,2
2647,2647,2
2648,2648,2
2649,2649,2
2650,2650,2
2651,2651,2
2652,2652,2
2653,2653,2
2654,2654,2
2655,2655,2
2656,2656,2
2657,2657,2
2658,2658,2
2659,2659,2
2660,2660,2
2661,2661,3
2662,2662,3
2663,2663,3
2664,2664,3
2665,2665,3
2666,2666,3
2667,2667,3
2668,2668,3
2669,2669,3
2670,2670,3
2671,2671,3
2672,2672,3
2673,2673,3
2674,2674,3
2675,2675,3
2676,2676,3
2677,2677,3
2678,2678,3
2679,2679,3
2680,2680,3
2681,2681,3
2682,2682,3
2683,2683,3
2684,2684,3
2685,2685,3
2686,2686,3
2687,2687,3
2688,2688,3
2689,2689,3
2690,2690,3
2691,2691,3
2692,2692,3
2693,2693,3
2694,2694,3
2695,2695,3
2696,2696,3
2697,2697,3
2698,2698,3
2699,2699,3
2700,2700,3
2701,2701,3
2702,2702,3
2703,2703,3
2704,2704,7
2705,2705,3
2706,2706,3
2707,2707,3
2708,2708,3
2709,2709,3
2710,2710,3
2711,2711,3
2712,2712,3
2713,2713,3
2714,2714,3
2715,2715,3
2716,2716,3
2717,2717,3
2718,2718,3
2719,2719,3
2720,2720,3
2721,2721,3
2722,2722,3
2723,2723,3
2724,2724,3
2725,2725,3
2726,2726,3
2727,2727,3
2728,2728,3
2729,2729,3
2730,2730,3
2731,2731,3
2732,2732,3
2733,2733,3
2734,2734,3
2735,2735,3
2736,2736,3
2737,2737,3
2738,2738,3
2739,2739,3
2740,2740,7
2741,2741,3
2742,2742,3
2743,2743,3
2744,2744,3
2745,2745,3
2746,2746,3
2747,2747,3
2748,2748,3
2749,2749,3
2750,2750,3
2751,2751,3
2752,2752,3
2753,2753,3
2754,2754,3
2755,2755,3
2756,2756,3
2757,2757,3
2758,2758,3
2759,2759,3
2760,2760,3
2761,2761,3
2762,2762,3
2763,2763,3
2764,2764,3
2765,2765,3
2766,2766,3
2767,2767,3
2768,2768,3
2769,2769,3
2770,2770,3
2771,2771,3
2772,2772,3
2773,2773,3
2774,2774,3
2775,2775,3
2776,2776,3
2777,2777,3
2778,2778,3
2779,2779,3
2780,2780,3
2781,2781,3
2782,2782,3
2783,2783,3
2784,2784,3
2785,2785,3
2786,2786,3
2787,2787,3
2788,2788,3
2789,2789,3
2790,2790,3
2791,2791,3
2792,2792,3
2793,2793,3
2794,2794,3
2795,2795,3
2796,2796,3
2797,2797,3
2798,2798,3
2799,2799,3
2800,2800,3
2801,2801,3
2802,2802,3
2803,2803,3
2804,2804,3
2805,2805,3
2806,2806,3
2807,2807,3
2808,2808,3
2809,2809,3
2810,2810,3
2811,2811,3
2812,2812,3
2813,2813,3
2814,2814,7
2815,2815,3
2816,2816,3
2817,2817,3
2818,2818,3
2819,2819,3
2820,2820,3
2821,2821,3
2822,2822,3
2823,2823,3
2824,2824,3
2825,2825,3
2826,2826,3
2827,2827,3
2828,2828,3
2829,2829,3
2830,2830,3
2831,2831,3
2832,2832,3
2833,2833,3
2834,2834,3
2835,2835,3
2836,2836,3
2837,2837,3
2838,2838,7
2839,2839,3
2840,2840,3
2841,2841,3
2842,2842,3
2843,2843,3
2844,2844,3
2845,2845,3
2846,2846,3
2847,2847,3
2848,2848,3
2849,2849,3
2850,2850,3
2851,2851,3
2852,2852,3
2853,2853,3
2854,2854,3
2855,2855,3
2856,2856,3
2857,2857,3
2858,2858,3
2859,2859,3
2860,2860,3
2861,2861,3
2862,2862,3
2863,2863,3
2864,2864,3
2865,2865,3
2866,2866,3
2867,2867,3
2868,2868,3
2869,2869,3
2870,2870,3
2871,2871,3
2872,2872,3
2873,2873,3
2874,2874,3
2875,2875,3
2876,2876,3
2877,2877,3
2878,2878,3
2879,2879,3
2880,2880,3
2881,2881,3
2882,2882,3
2883,2883,3
2884,2884,3
2885,2885,7
2886,2886,3
2887,2887,3
2888,2888,3
2889,2889,3
2890,2890,3
2891,2891,3
2892,2892,3
2893,2893,3
2894,2894,3
2895,2895,3
2896,2896,3
2897,2897,3
2898,2898,3
2899,2899,3
2900,2900,3
2901,2901,3
2902,2902,3
2903,2903,3
2904,2904,3
2905,2905,3
2906,2906,3
2907,2907,3
2908,2908,3
2909,2909,3
2910,2910,3
2911,2911,3
2912,2912,3
2913,2913,3
2914,2914,3
2915,2915,3
2916,2916,3
2917,2917,3
2918,2918,3
2919,2919,3
2920,2920,3
2921,2921,3
2922,2922,3
2923,2923,3
2924,2924,3
2925,2925,3
2926,2926,3
2927,2927,3
2928,2928,3
2929,2929,3
2930,2930,3
2931,2931,3
2932,2932,3
2933,2933,3
2934,2934,3
2935,2935,3
2936,2936,3
2937,2937,3
2938,2938,3
2939,2939,3
2940,2940,3
2941,2941,3
2942,2942,3
2943,2943,3
2944,2944,3
2945,2945,3
2946,2946,3
2947,2947,3
2948,2948,3
2949,2949,3
2950,2950,3
2951,2951,3
2952,2952,3
2953,2953,3
2954,2954,3
2955,2955,3
2956,2956,3
2957,2957,3
2958,2958,3
2959,2959,3
2960,2960,3
2961,2961,3
2962,2962,3
2963,2963,3
2964,2964,3
2965,2965,3
2966,2966,3
2967,2967,3
2968,2968,3
2969,2969,3
2970,2970,3
2971,2971,3
2972,2972,3
2973,2973,3
2974,2974,3
2975,2975,3
2976,2976,3
2977,2977,3
2978,2978,3
2979,2979,3
2980,2980,3
2981,2981,3
2982,2982,3
2983,2983,3
2984,2984,3
2985,2985,3
2986,2986,3
2987,2987,3
2988,2988,3
2989,2989,3
2990,2990,3
2991,2991,3
2992,2992,3
2993,2993,3
2994,2994,3
2995,2995,3
2996,2996,3
2997,2997,3
2998,2998,3
2999,2999,3
3000,3000,3
3001,3001,3
3002,3002,3
3003,3003,7
3004,3004,3
3005,3005,3
3006,3006,3
3007,3007,3
3008,3008,3
3009,3009,3
3010,3010,3
3011,3011,3
3012,3012,3
3013,3013,3
3014,3014,3
3015,3015,3
3016,3016,3
3017,3017,3
3018,3018,3
3019,3019,3
3020,3020,3
3021,3021,3
3022,3022,3
3023,3023,3
3024,3024,3
3025,3025,3
3026,3026,3
3027,3027,3
3028,3028,3
3029,3029,3
3030,3030,3
3031,3031,3
3032,3032,3
3033,3033,3
3034,3034,3
3035,3035,3
3036,3036,3
3037,3037,3
3038,3038,3
3039,3039,3
3040,3040,3
3041,3041,3
3042,3042,3
3043,3043,3
3044,3044,3
3045,3045,3
3046,3046,3
3047,3047,3
3048,3048,3
3049,3049,3
3050,3050,3
3051,3051,3
3052,3052,3
3053,3053,3
3054,3054,3
3055,3055,3
3056,3056,3
3057,3057,3
3058,3058,3
3059,3059,3
3060,3060,3
3061,3061,3
3062,3062,3
3063,3063,3
3064,3064,3
3065,3065,3
3066,3066,3
3067,3067,3
3068,3068,3
3069,3069,3
3070,3070,3
3071,3071,3
3072,3072,3
3073,3073,3
3074,3074,3
3075,3075,3
3076,3076,3
3077,3077,3
3078,3078,3
3079,3079,3
3080,3080,3
3081,3081,3
3082,3082,3
3083,3083,3
3084,3084,3
3085,3085,3
3086,3086,3
3087,3087,3
3088,3088,3
3089,3089,3
3090,3090,3
3091,3091,3
3092,3092,3
3093,3093,3
3094,3094,3
3095,3095,3
3096,3096,3
3097,3097,3
3098,3098,3
3099,3099,3
3100,3100,3
3101,3101,3
3102,3102,3
3103,3103,3
3104,3104,3
3105,3105,3
3106,3106,3
3107,3107,3
3108,3108,3
3109,3109,3
3110,3110,3
3111,3111,3
3112,3112,3
3113,3113,3
3114,3114,3
3115,3115,3
3116,3116,3
3117,3117,3
3118,3118,3
3119,3119,3
3120,3120,3
3121,3121,3
3122,3122,3
3123,3123,3
3124,3124,3
3125,3125,3
3126,3126,3
3127,3127,3
3128,3128,3
3129,3129,3
3130,3130,3
3131,3131,3
3132,3132,3
3133,3133,3
3134,3134,3
3135,3135,3
3136,3136,3
3137,3137,3
3138,3138,3
3139,3139,3
3140,3140,3
3141,3141,3
3142,3142,3
3143,3143,3
3144,3144,3
3145,3145,3
3146,3146,3
3147,3147,3
3148,3148,3
3149,3149,3
3150,3150,3
3151,3151,3
3152,3152,3
3153,3153,3
3154,3154,3
3155,3155,3
3156,3156,3
3157,3157,3
3158,3158,3
3159,3159,3
3160,3160,3
3161,3161,3
3162,3162,3
3163,3163,3
3164,3164,3
3165,3165,3
3166,3166,3
3167,3167,3
3168,3168,3
3169,3169,3
3170,3170,3
3171,3171,3
3172,3172,3
3173,3173,3
3174,3174,3
3175,3175,3
3176,3176,3
3177,3177,3
3178,3178,3
3179,3179,3
3180,3180,3
3181,3181,3
3182,3182,3
3183,3183,3
3184,3184,3
3185,3185,3
3186,3186,3
3187,3187,3
3188,3188,3
3189,3189,3
3190,3190,3
3191,3191,3
3192,3192,3
3193,3193,3
3194,3194,3
3195,3195,3
3196,3196,3
3197,3197,3
3198,3198,3
3199,3199,3
3200,3200,3
3201,3201,3
3202,3202,3
3203,3203,3
3204,3204,3
3205,3205,3
3206,3206,3
3207,3207,3
3208,3208,3
3209,3209,3
3210,3210,3
3211,3211,3
3212,3212,3
3213,3213,3
3214,3214,3
3215,3215,3
3216,3216,3
3217,3217,3
3218,3218,3
3219,3219,3
3220,3220,3
3221,3221,3
3222,3222,3
3223,3223,3
3224,3224,3
3225,3225,3
3226,3226,3
3227,3227,3
3228,3228,3
3229,3229,3
3230,3230,3
3231,3231,3
3232,3232,3
3233,3233,3
3234,3234,3
3235,3235,3
3236,3236,3
3237,3237,3
3238,3238,3
3239,3239,3
3240,3240,3
3241,3241,3
3242,3242,3
3243,3243,3
3244,3244,3
3245,3245,3
3246,3246,3
3247,3247,3
3248,3248,3
3249,3249,3
3250,3250,3
3251,3251,3
3252,3252,3
3253,3253,3
3254,3254,3
3255,3255,3
3256,3256,3
3257,3257,3
3258,3258,3
3259,3259,3
3260,3260,3
3261,3261,3
3262,3262,3
3263,3263,3
3264,3264,3
3265,3265,3
3266,3266,3
3267,3267,3
3268,3268,3
3269,3269,3
3270,3270,3
3271,3271,3
3272,3272,3
3273,3273,3
3274,3274,3
3275,3275,3
3276,3276,3
3277,3277,3
3278,3278,3
3279,3279,3
3280,3280,3
3281,3281,3
3282,3282,3
3283,3283,3
3284,3284,3
3285,3285,3
3286,3286,3
3287,3287,3
3288,3288,3
3289,3289,3
3290,3290,7
3291,3291,3
3292,3292,3
3293,3293,3
3294,3294,3
3295,3295,3
3296,3296,3
3297,3297,3
3298,3298,3
3299,3299,3
3300,3300,3
3301,3301,3
3302,3302,3
3303,3303,3
3304,3304,3
3305,3305,3
3306,3306,3
3307,3307,3
3308,3308,3
3309,3309,3
3310,3310,3
3311,3311,3
3312,3312,3
3313,3313,3
3314,3314,3
3315,3315,3
3316,3316,3
3317,3317,3
3318,3318,3
3319,3319,3
3320,3320,3
3321,3321,3
3322,3322,3
3323,3323,3
3324,3324,3
3325,3325,3
3326,3326,3
3327,3327,3
3328,3328,3
3329,3329,3
3330,3330,3
3331,3331,3
3332,3332,3
3333,3333,3
3334,3334,3
3335,3335,3
3336,3336,3
3337,3337,3
3338,3338,3
3339,3339,3
3340,3340,3
3341,3341,3
3342,3342,3
3343,3343,3
3344,3344,3
3345,3345,3
3346,3346,3
3347,3347,3
3348,3348,3
3349,3349,3
3350,3350,3
3351,3351,3
3352,3352,3
3353,3353,3
3354,3354,3
3355,3355,3
3356,3356,3
3357,3357,3
3358,3358,3
3359,3359,3
3360,3360,3
3361,3361,3
3362,3362,3
3363,3363,3
3364,3364,3
3365,3365,3
3366,3366,3
3367,3367,3
3368,3368,3
3369,3369,3
3370,3370,3
3371,3371,3
3372,3372,3
3373,3373,3
3374,3374,3
3375,3375,3
3376,3376,3
3377,3377,3
3378,3378,3
3379,3379,3
3380,3380,3
3381,3381,3
3382,3382,3
3383,3383,3
3384,3384,3
3385,3385,3
3386,3386,3
3387,3387,3
3388,3388,3
3389,3389,3
3390,3390,3
3391,3391,3
3392,3392,3
3393,3393,3
3394,3394,3
3395,3395,3
3396,3396,3
3397,3397,3
3398,3398,3
3399,3399,3
3400,3400,3
3401,3401,3
3402,3402,3
3403,3403,3
3404,3404,3
3405,3405,3
3406,3406,3
3407,3407,3
3408,3408,3
3409,3409,3
3410,3410,3
3411,3411,3
3412,3412,3
3413,3413,3
3414,3414,3
3415,3415,3
3416,3416,3
3417,3417,3
3418,3418,3
3419,3419,3
3420,3420,3
3421,3421,3
3422,3422,3
3423,3423,3
3424,3424,3
3425,3425,3
3426,3426,3
3427,3427,3
3428,3428,3
3429,3429,3
3430,3430,3
3431,3431,3
3432,3432,3
3433,3433,3
3434,3434,3
3435,3435,3
3436,3436,3
3437,3437,4
3438,3438,4
3439,3439,4
3440,3440,4
3441,3441,4
3442,3442,4
3443,3443,4
3444,3444,4
3445,3445,4
3446,3446,4
3447,3447,4
3448,3448,4
3449,3449,4
3450,3450,4
3451,3451,4
3452,3452,4
3453,3453,4
3454,3454,4
3455,3455,4
3456,3456,4
3457,3457,4
3458,3458,4
3459,3459,4
3460,3460,4
3461,3461,4
3462,3462,4
3463,3463,4
3464,3464,4
3465,3465,4
3466,3466,4
3467,3467,4
3468,3468,4
3469,3469,4
3470,3470,4
3471,3471,4
3472,3472,4
3473,3473,4
3474,3474,4
3475,3475,4
3476,3476,4
3477,3477,4
3478,3478,4
3479,3479,4
3480,3480,4
3481,3481,4
3482,3482,4
3483,3483,4
3484,3484,4
3485,3485,4
3486,3486,4
3487,3487,4
3488,3488,4
3489,3489,4
3490,3490,4
3491,3491,4
3492,3492,4
3493,3493,4
3494,3494,4
3495,3495,4
3496,3496,4
3497,3497,4
3498,3498,4
3499,3499,4
3500,3500,4
3501,3501,4
3502,3502,4
3503,3503,4
3504,3504,4
3505,3505,4
3506,3506,4
3507,3507,4
3508,3508,4
3509,3509,4
3510,3510,4
3511,3511,4
3512,3512,4
3513,3513,4
3514,3514,4
3515,3515,4
3516,3516,4
3517,3517,4
3518,3518,4
3519,3519,4
3520,3520,4
3521,3521,4
3522,3522,4
3523,3523,4
3524,3524,4
3525,3525,4
3526,3526,4
3527,3527,4
3528,3528,4
3529,3529,4
3530,3530,4
3531,3531,4
3532,3532,4
3533,3533,4
3534,3534,4
3535,3535,4
3536,3536,4
3537,3537,4
3538,3538,4
3539,3539,4
3540,3540,4
3541,3541,4
3542,3542,4
3543,3543,4
3544,3544,4
3545,3545,4
3546,3546,4
3547,3547,4
3548,3548,4
3549,3549,4
3550,3550,4
3551,3551,4
3552,3552,4
3553,3553,4
3554,3554,4
3555,3555,4
3556,3556,4
3557,3557,4
3558,3558,4
3559,3559,4
3560,3560,4
3561,3561,4
3562,3562,4
3563,3563,4
3564,3564,4
3565,3565,4
3566,3566,4
3567,3567,4
3568,3568,4
3569,3569,4
3570,3570,4
3571,3571,4
3572,3572,4
3573,3573,4
3574,3574,4
3575,3575,4
3576,3576,4
3577,3577,4
3578,3578,4
3579,3579,4
3580,3580,4
3581,3581,4
3582,3582,4
3583,3583,4
3584,3584,4
3585,3585,4
3586,3586,4
3587,3587,4
3588,3588,4
3589,3589,4
3590,3590,4
3591,3591,4
3592,3592,4
3593,3593,4
3594,3594,4
3595,3595,4
3596,3596,4
3597,3597,4
3598,3598,4
3599,3599,4
3600,3600,4
3601,3601,4
3602,3602,4
3603,3603,4
3604,3604,4
3605,3605,4
3606,3606,4
3607,3607,4
3608,3608,4
3609,3609,4
3610,3610,4
3611,3611,4
3612,3612,4
3613,3613,4
3614,3614,4
3615,3615,4
3616,3616,4
3617,3617,4
3618,3618,4
3619,3619,4
3620,3620,4
3621,3621,4
3622,3622,4
3623,3623,4
3624,3624,4
3625,3625,4
3626,3626,4
3627,3627,4
3628,3628,4
3629,3629,4
3630,3630,4
3631,3631,4
3632,3632,4
3633,3633,4
3634,3634,4
3635,3635,4
3636,3636,4
3637,3637,4
3638,3638,4
3639,3639,4
3640,3640,4
3641,3641,4
3642,3642,4
3643,3643,4
3644,3644,4
3645,3645,4
3646,3646,4
3647,3647,4
3648,3648,4
3649,3649,4
3650,3650,4
3651,3651,4
3652,3652,4
3653,3653,4
3654,3654,4
3655,3655,4
3656,3656,4
3657,3657,4
3658,3658,4
3659,3659,4
3660,3660,4
3661,3661,4
3662,3662,4
3663,3663,4
3664,3664,4
3665,3665,4
3666,3666,4
3667,3667,4
3668,3668,4
3669,3669,4
3670,3670,4
3671,3671,4
3672,3672,4
3673,3673,4
3674,3674,4
3675,3675,4
3676,3676,4
3677,3677,4
3678,3678,4
3679,3679,4
3680,3680,4
3681,3681,4
3682,3682,4
3683,3683,4
3684,3684,4
3685,3685,4
3686,3686,4
3687,3687,4
3688,3688,4
3689,3689,4
3690,3690,4
3691,3691,4
3692,3692,4
3693,3693,4
3694,3694,4
3695,3695,4
3696,3696,4
3697,3697,4
3698,3698,4
3699,3699,4
3700,3700,4
3701,3701,4
3702,3702,4
3703,3703,4
3704,3704,4
3705,3705,4
3706,3706,4
3707,3707,4
3708,3708,4
3709,3709,4
3710,3710,4
3711,3711,4
3712,3712,4
3713,3713,4
3714,3714,4
3715,3715,4
3716,3716,4
3717,3717,4
3718,3718,4
3719,3719,4
3720,3720,4
3721,3721,4
3722,3722,4
3723,3723,4
3724,3724,4
3725,3725,4
3726,3726,4
3727,3727,4
3728,3728,4
3729,3729,4
3730,3730,4
3731,3731,4
3732,3732,4
3733,3733,4
3734,3734,4
3735,3735,4
3736,3736,4
3737,3737,4
3738,3738,4
3739,3739,4
3740,3740,4
3741,3741,4
3742,3742,4
3743,3743,4
3744,3744,4
3745,3745,4
3746,3746,4
3747,3747,4
3748,3748,4
3749,3749,4
3750,3750,4
3751,3751,4
3752,3752,4
3753,3753,4
3754,3754,4
3755,3755,4
3756,3756,4
3757,3757,4
3758,3758,4
3759,3759,4
3760,3760,4
3761,3761,4
3762,3762,4
3763,3763,4
3764,3764,4
3765,3765,4
3766,3766,4
3767,3767,4
3768,3768,4
3769,3769,4
3770,3770,4
3771,3771,4
3772,3772,4
3773,3773,4
3774,3774,4
3775,3775,4
3776,3776,4
3777,3777,4
3778,3778,4
3779,3779,4
3780,3780,4
3781,3781,4
3782,3782,4
3783,3783,4
3784,3784,4
3785,3785,4
3786,3786,4
3787,3787,4
3788,3788,4
3789,3789,4
3790,3790,4
3791,3791,4
3792,3792,4
3793,3793,4
3794,3794,4
3795,3795,4
3796,3796,4
3797,3797,4
3798,3798,4
3799,3799,4
3800,3800,4
3801,3801,4
3802,3802,4
3803,3803,4
3804,3804,4
3805,3805,4
3806,3806,4
3807,3807,4
3808,3808,4
3809,3809,4
3810,3810,4
3811,3811,4
3812,3812,4
3813,3813,4
3814,3814,4
3815,3815,4
3816,3816,4
3817,3817,4
3818,3818,4
3819,3819,4
3820,3820,4
3821,3821,4
3822,3822,4
3823,3823,4
3824,3824,4
3825,3825,4
3826,3826,4
3827,3827,4
3828,3828,4
3829,3829,4
3830,3830,4
3831,3831,4
3832,3832,4
3833,3833,4
3834,3834,4
3835,3835,4
3836,3836,4
3837,3837,4
3838,3838,4
3839,3839,4
3840,3840,4
3841,3841,4
3842,3842,4
3843,3843,4
3844,3844,4
3845,3845,4
3846,3846,4
3847,3847,4
3848,3848,4
3849,3849,4
3850,3850,4
3851,3851,4
3852,3852,4
3853,3853,4
3854,3854,4
3855,3855,4
3856,3856,4
3857,3857,4
3858,3858,4
3859,3859,4
3860,3860,4
3861,3861,4
3862,3862,4
3863,3863,4
3864,3864,4
3865,3865,4
3866,3866,4
3867,3867,4
3868,3868,4
3869,3869,4
3870,3870,4
3871,3871,4
3872,3872,4
3873,3873,4
3874,3874,4
3875,3875,4
3876,3876,4
3877,3877,4
3878,3878,4
3879,3879,4
3880,3880,4
3881,3881,4
3882,3882,4
3883,3883,4
3884,3884,4
3885,3885,4
3886,3886,4
3887,3887,4
3888,3888,4
3889,3889,4
3890,3890,4
3891,3891,4
3892,3892,4
3893,3893,4
3894,3894,4
3895,3895,4
3896,3896,4
3897,3897,4
3898,3898,4
3899,3899,4
3900,3900,4
3901,3901,4
3902,3902,4
3903,3903,4
3904,3904,4
3905,3905,4
3906,3906,4
3907,3907,4
3908,3908,4
3909,3909,4
3910,3910,4
3911,3911,4
3912,3912,4
3913,3913,4
3914,3914,4
3915,3915,4
3916,3916,4
3917,3917,4
3918,3918,4
3919,3919,4
3920,3920,4
3921,3921,4
3922,3922,4
3923,3923,4
3924,3924,4
3925,3925,4
3926,3926,4
3927,3927,4
3928,3928,4
3929,3929,4
3930,3930,4
3931,3931,4
3932,3932,4
3933,3933,4
3934,3934,4
3935,3935,4
3936,3936,4
3937,3937,4
3938,3938,4
3939,3939,4
3940,3940,4
3941,3941,4
3942,3942,4
3943,3943,4
3944,3944,4
3945,3945,4
3946,3946,4
3947,3947,4
3948,3948,4
3949,3949,4
3950,3950,4
3951,3951,4
3952,3952,4
3953,3953,4
3954,3954,4
3955,3955,4
3956,3956,4
3957,3957,4
3958,3958,4
3959,3959,4
3960,3960,4
3961,3961,4
3962,3962,4
3963,3963,4
3964,3964,4
3965,3965,4
3966,3966,4
3967,3967,4
3968,3968,4
3969,3969,4
3970,3970,4
3971,3971,4
3972,3972,4
3973,3973,4
3974,3974,4
3975,3975,4
3976,3976,4
3977,3977,4
3978,3978,4
3979,3979,4
3980,3980,1
3981,3981,1
3982,3982,1
3983,3983,1
3984,3984,1
3985,3985,1
3986,3986,1
3987,3987,1
3988,3988,1
3989,3989,1
3990,3990,1
3991,3991,1
3992,3992,1
3993,3993,1
3994,3994,1
3995,3995,1
3996,3996,1
3997,3997,1
3998,3998,1
3999,3999,1
4000,4000,1
4001,4001,1
4002,4002,1
4003,4003,1
4004,4004,1
4005,4005,1
4006,4006,1
4007,4007,1
4008,4008,1
4009,4009,1
4010,4010,1
4011,4011,1
4012,4012,1
4013,4013,1
4014,4014,1
4015,4015,1
4016,4016,1
4017,4017,1
4018,4018,1
4019,4019,1
4020,4020,1
4021,4021,1
4022,4022,1
4023,4023,1
4024,4024,1
4025,4025,1
4026,4026,1
4027,4027,1
4028,4028,1
4029,4029,1
4030,4030,1
4031,4031,1
4032,4032,1
4033,4033,1
4034,4034,1
4035,4035,1
4036,4036,1
4037,4037,1
4038,4038,1
